FUENTE;AMBITO GEOGRAFICO;TIPO AGENTE;MATERIA;URL;URL_ESPECIFICA;RSS;RSS_ESPECIFICA
SEPE;Estatal;Administración;Empleo;https://www.sistemanacionalempleo.es;https://www.sistemanacionalempleo.es/AgenciasColocacion_WEB/listadoAgencias.do?modo=inicio;No encontrada;No encontrada
SEPE;Estatal;Administración;Empleo;https://www.sepe.es;https://www.sepe.es/HomeSepe/Personas/encontrar-trabajo/Garantia-Juvenil.html;https://www.sepe.es/HomeSepe/rssgen/RSSServlet?namePage=HomeSepe?¶m1=HomeSepe;https://www.sepe.es/HomeSepe/rssgen/RSSServlet?namePage=Garantia-Juvenil.html?¶m1=HomeSepe
SEPE;Estatal;Administración;Empleo;https://www.sepe.es;https://www.sepe.es/HomeSepe/Personas/encontrar-trabajo/orientacion-profesional.html;https://www.sepe.es/HomeSepe/rssgen/RSSServlet?namePage=HomeSepe?¶m1=HomeSepe;https://www.sepe.es/HomeSepe/rssgen/RSSServlet?namePage=orientacion-profesional.html&param1=HomeSepe
SEPE;Estatal;Administración;Empleo;https://www.sepe.es;https://www.sepe.es/HomeSepe/Personas/encontrar-trabajo/orientacion-profesional.html;https://www.sepe.es/HomeSepe/rssgen/RSSServlet?namePage=HomeSepe?¶m1=HomeSepe;https://www.sepe.es/HomeSepe/rssgen/RSSServlet?namePage=orientacion-profesional.html?¶m1=HomeSepe
SEPE;Estatal;Administración;Empleo;https://www.sepe.es;https://www.sepe.es/HomeSepe/que-es-el-sepe/estadisticas.html;https://www.sepe.es/HomeSepe/rssgen/RSSServlet?namePage=HomeSepe?¶m1=HomeSepe;https://www.sepe.es/HomeSepe/rssgen/RSSServlet?namePage=estadisticas.html&param1=HomeSepe
SEPE;Estatal;Administración;Empleo;https://www.sepe.es;https://www.sepe.es/HomeSepe/que-es-el-sepe/estadisticas.html;https://www.sepe.es/HomeSepe/rssgen/RSSServlet?namePage=HomeSepe?¶m1=HomeSepe;https://www.sepe.es/HomeSepe/rssgen/RSSServlet?namePage=estadisticas.html?¶m1=HomeSepe
SEPE;Estatal;Administración;Empleo;https://www.sepe.es;"https://www.sepe.es/HomeSepe/Personas/plan-retorno-espana.html

https://www.exteriores.gob.es/Consulados/salvadordebahia/es/Consulado/Paginas/Oficina-Española-del-Retorno-Plan-retorno-a-España.aspx";https://www.sepe.es/HomeSepe/rssgen/RSSServlet?namePage=HomeSepe?¶m1=HomeSepe;No encontrada
SEPE;Estatal;Administración;Empleo;https://www.sepe.es;https://www.sepe.es/HomeSepe/Personas/distributiva-prestaciones/quiero-cobrar-el-paro/soy-emigrante-retornado.html;https://www.sepe.es/HomeSepe/rssgen/RSSServlet?namePage=HomeSepe?¶m1=HomeSepe;https://www.sepe.es/HomeSepe/rssgen/RSSServlet?namePage=soy-emigrante-retornado.html&param1=HomeSepe
SEPE;Estatal;Administración;Empleo;https://www.sepe.es;https://www.sepe.es/HomeSepe/Personas/distributiva-prestaciones/quiero-cobrar-el-paro/soy-emigrante-retornado.html;https://www.sepe.es/HomeSepe/rssgen/RSSServlet?namePage=HomeSepe?¶m1=HomeSepe;https://www.sepe.es/HomeSepe/rssgen/RSSServlet?namePage=soy-emigrante-retornado.html?¶m1=HomeSepe
SEPE;Estatal;Administración;Empleo;https://www.sepe.es;https://www.sepe.es/HomeSepe/Personas/encontrar-trabajo/empleo-para-personas-con-discapacidad/centros-especiales-empleo.html;https://www.sepe.es/HomeSepe/rssgen/RSSServlet?namePage=HomeSepe?¶m1=HomeSepe;No encontrada
Observatorios regionales. ARGOS. Andalucía;Autonómico;Administración;Empleo;https://www.juntadeandalucia.es;https://www.juntadeandalucia.es/servicioandaluzdeempleo/web/argos/web/es/ARGOS/index.html;No encontrada;No encontrada
Observatorios regionales. Observatorio del Mercado de Trabajo de Aragón;Autonómico;Administración;Empleo;https://inaem.aragon.es;https://inaem.aragon.es/observatorio;No encontrada;No encontrada
Observatorios regionales. Observatorio Canario de Empleo y Formación Profesional (OBECAN);Autonómico;Administración;Empleo;https://obecan.es;https://obecan.es/;https://obecan.es/feed/;https://obecan.es/feed/
Observatorios regionales. Observatorio Canario de Empleo y Formación Profesional (OBECAN);Autonómico;Administración;Empleo;https://obecan.es;https://obecan.es/;https://obecan.es/comments/feed/;No encontrada
Observatorios regionales. Observatorio Canario de Empleo y Formación Profesional (OBECAN);Autonómico;Administración;Empleo;https://obecan.es;https://obecan.es/;https://obecan.es/analizamos-el-mercado-de-trabajo-en-canarias/feed/;No encontrada
Observatorios regionales. Observatorio Canario de Empleo y Formación Profesional (OBECAN);Autonómico;Administración;Empleo;https://obecan.es;https://obecan.es/;https://obecan.es/xmlrpc.php?rsd;No encontrada
Observatorios regionales. Observatorio Canario de Empleo y Formación Profesional (OBECAN);Autonómico;Administración;Empleo;https://obecan.es;https://obecan.es/;https://obecan.es/wp-json/oembed/1.0/embed?url=https%3A%2F%2Fobecan.es%2F&format=xml;No encontrada
Observatorios regionales. Observatorio Canario de Empleo y Formación Profesional (OBECAN);Autonómico;Administración;Empleo;https://obecan.es;https://obecan.es/;https://obecan.es/feed/;https://obecan.es/comments/feed/
Observatorios regionales. Observatorio Canario de Empleo y Formación Profesional (OBECAN);Autonómico;Administración;Empleo;https://obecan.es;https://obecan.es/;https://obecan.es/feed/;https://obecan.es/analizamos-el-mercado-de-trabajo-en-canarias/feed/
Observatorios regionales. Observatorio Canario de Empleo y Formación Profesional (OBECAN);Autonómico;Administración;Empleo;https://obecan.es;https://obecan.es/;https://obecan.es/feed/;https://obecan.es/xmlrpc.php?rsd
Observatorios regionales. Observatorio Canario de Empleo y Formación Profesional (OBECAN);Autonómico;Administración;Empleo;https://obecan.es;https://obecan.es/;https://obecan.es/feed/;https://obecan.es/wp-json/oembed/1.0/embed?url=https%3A%2F%2Fobecan.es%2F&format=xml
Observatorios regionales. Observatori del Treball y Model Productiu (Catañuña);Autonómico;Administración;Empleo;https://observatoritreball.gencat.cat;https://observatoritreball.gencat.cat/ca/inici;https://observatoritreball.gencat.cat/ca/rss/rss_actualitat/;https://observatoritreball.gencat.cat/ca/rss/rss_actualitat/
Observatorios regionales. Observatori del Treball y Model Productiu (Catañuña);Autonómico;Administración;Empleo;https://observatoritreball.gencat.cat;https://observatoritreball.gencat.cat/ca/inici;https://observatoritreball.gencat.cat/ca/rss/rss_novetats/;No encontrada
Observatorios regionales. Observatori del Treball y Model Productiu (Catañuña);Autonómico;Administración;Empleo;https://observatoritreball.gencat.cat;https://observatoritreball.gencat.cat/ca/inici;https://observatoritreball.gencat.cat/ca/rss/rss_actualitat/;https://observatoritreball.gencat.cat/ca/rss/rss_novetats/
Observatorios regionales. País Vasco. Futerlan. Observatorio de prospectiva de empleo;Autonómico;Administración;Empleo;https://futurelan.eus;https://futurelan.eus/es/;No encontrada;No encontrada
Observatorio del Mercado de Trabajo (OMT);Europeo;Administración;Empleo;https://www.eesc.europa.eu;https://www.eesc.europa.eu/es/sections-other-bodies/observatories/labour-market-observatory;https://www.eesc.europa.eu/en/recent-content.rss;https://www.eesc.europa.eu/en/recent-content.rss
Ministerio de Trabajo y Economía Social;Estatal;Administración;Empleo;https://www.mites.gob.es;https://www.mites.gob.es/ficheros/ministerio/bep/estudios/MEMORIA_ANUAL_PROGRAMA_DE_ESTUDIOS_2022.pdf;No encontrada;No encontrada
Ministerio de Trabajo y Economía Social;Estatal;Administración;Empleo;https://www.emnspain.gob.es;https://www.emnspain.gob.es/;No encontrada;No encontrada
Ministerio de Trabajo y Economía Social;Estatal;Administración;Empleo;https://www.inclusion.gob.es;https://www.inclusion.gob.es/web/opi/estadisticas/observatorio_permanente_inmigracion;No encontrada;No encontrada
Ministerio de Trabajo y Economía Social;Estatal;Administración;Empleo;https://www.mites.gob.es;https://www.mites.gob.es/es/publica/informacion-adicional/index.htm;No encontrada;No encontrada
Ministerio de Trabajo y Economía Social;Estatal;Administración;Empleo;https://www.mites.gob.es;https://www.mites.gob.es/es/revistaministerio/;No encontrada;No encontrada
Ministerio de Trabajo y Economía Social;Estatal;Administración;Empleo;https://empleate.gob.es;https://empleate.gob.es/empleo/#/;No encontrada;No encontrada
Ministerio de Trabajo y Economía Social;Estatal;Administración;Empleo;https://www.mites.gob.es;https://www.mites.gob.es/es/sec_trabajo/analisis-mercado-trabajo/index.htm;No encontrada;No encontrada
Ministerio de Trabajo y Economía Social;Estatal;Administración;Empleo;https://empleate.gob.es;https://empleate.gob.es/empleo/#/;No encontrada;No encontrada
Ministerio de Trabajo y Economía Social;Estatal;Administración;Empleo;https://www.mites.gob.es;https://www.mites.gob.es/es/sec_trabajo/debes_saber/index.htm;No encontrada;No encontrada
Ministerio de Trabajo y Economía Social;Estatal;Administración;Empleo;https://www.mites.gob.es;https://www.mites.gob.es/es/sec_trabajo/formacion/index.htm;No encontrada;No encontrada
Ministerio de Trabajo y Economía Social;Estatal;Administración;Empleo;https://www.mites.gob.es;https://www.mites.gob.es/es/sec_trabajo/formacion/index.htm;No encontrada;No encontrada
Ministerio de Trabajo y Economía Social;Estatal;Administración;Empleo;https://www.mites.gob.es;https://www.mites.gob.es/es/sec_trabajo/formacion/index.htm;No encontrada;No encontrada
Ministerio de Trabajo y Economía Social;Estatal;Administración;Empleo;https://www.mites.gob.es;https://www.mites.gob.es/es/estadisticas/index.htm;No encontrada;No encontrada
Ministerio de Trabajo y Economía Social;Estatal;Administración;Empleo;https://www.mites.gob.es;https://www.mites.gob.es/es/estadisticas/mercado_trabajo/index.htm;No encontrada;No encontrada
Ministerio de Trabajo y Economía Social;Estatal;Administración;Empleo;https://www.mites.gob.es;https://www.mites.gob.es/es/estadisticas/Inmigracion_emigracion/index.htm;No encontrada;No encontrada
Ministerio de Trabajo y Economía Social;Estatal;Administración;Empleo;https://www.inclusion.gob.es;https://www.inclusion.gob.es/web/opi/estadisticas/observatorio_permanente_inmigracion;No encontrada;No encontrada
Ministerio de Trabajo y Economía Social;Estatal;Administración;Empleo;https://www.mites.gob.es;https://www.mites.gob.es/es/estadisticas/FP_medidas_apoyo_empleo/EFPC/index.htm;No encontrada;No encontrada
Ministerio de Trabajo y Economía Social;Estatal;Administración;Empleo;https://www.mites.gob.es;https://www.mites.gob.es/es/estadisticas/contenidos/anuario.htm;No encontrada;No encontrada
Ministerio de Trabajo y Economía Social;Estatal;Administración;Empleo;https://www.mites.gob.es;https://www.mites.gob.es/es/estadisticas/contenidos/anuario.htm;No encontrada;No encontrada
Ministerio de Trabajo y Economía Social;Estatal;Administración;Empleo;https://www.mites.gob.es;https://www.mites.gob.es/es/estadisticas/contenidos/anuario.htm;No encontrada;No encontrada
Ministerio de Trabajo y Economía Social;Estatal;Administración;Empleo;https://www.mites.gob.es;https://www.mites.gob.es/es/estadisticas/contenidos/anuario.htm;No encontrada;No encontrada
Ministerio de Trabajo y Economía Social;Estatal;Administración;Empleo;https://www.mites.gob.es;"https://www.mites.gob.es/es/Guia/texto/guia_1/contenidos/guia_1_2_1.htm

https://www.boe.es/eli/es/rd/2021/12/04/1069/dof/spa/pdf";No encontrada;No encontrada
Ministerio de Trabajo y Economía Social;Estatal;Administración;Empleo;https://www.sepe.es;https://www.sepe.es/HomeSepe/Personas/encontrar-trabajo/politicas-de-empleo-normativa/politicas-activas-empleo.html;https://www.sepe.es/HomeSepe/rssgen/RSSServlet?namePage=HomeSepe?¶m1=HomeSepe;No encontrada
Plan de Digitalización de las AAPP 2021-2025;Estatal;Administración;Digitalización;https://administracionelectronica.gob.es;https://administracionelectronica.gob.es/pae_Home/pae_Estrategias/Plan_Digitalizacion_AAPP.html;No encontrada;No encontrada
España Digital. ;Estatal;Administración;Digitalización;https://espanadigital.gob.es;https://espanadigital.gob.es/lineas-de-actuacion/transformacion-digital-de-los-servicios-publicos-de-empleo;No encontrada;No encontrada
España Digital. ;Estatal;Administración;Digitalización;https://espanadigital.gob.es;https://espanadigital.gob.es/lineas-de-actuacion/programa-de-capacitacion-digital-de-las-administraciones-publicas;No encontrada;No encontrada
España Digital. ;Estatal;Administración;Digitalización;https://espanadigital.gob.es;https://espanadigital.gob.es/lineas-de-actuacion/transformacion-digital-de-los-servicios-publicos-de-empleo;No encontrada;No encontrada
Planes de retorno de las Comunidades Autónomas. Andalucía;Autonómico;Administración;Talento;https://www.juntadeandalucia.es;https://www.juntadeandalucia.es/organismos/presidenciainteriordialogosocialysimplificacionadministrativa/servicios/actualidad/noticias/detalle/103175.html;No encontrada;No encontrada
Programa Captación de talento. Agencia Andaluza del Conocimiento;Autonómico;Administración;Talento;https://www.juntadeandalucia.es;https://www.juntadeandalucia.es/economiaconocimientoempresasyuniversidad/talentia/?q=node/202;No encontrada;http://www.juntadeandalucia.es/economiaconocimientoempresasyuniversidad/talentia/?q=rss.xml
Planes de retorno de las Comunidades Autónomas. Programa Retorno del Talento Joven Aragonés;Autonómico;Administración;Talento;https://www.aragon.es;https://www.aragon.es/tramitador/-/tramite/subvenciones-marco-programa-retorno-talento-joven-aragones;No encontrada;No encontrada
Planes de retorno de las Comunidades Autónomas. Suma Talento, plataforma para el retorno a Asturias.;Autonómico;Administración;Talento;https://sede.asturias.es;"

https://sede.asturias.es/-/dboid-6269000008674275507573";No encontrada;No encontrada
Planes de retorno de las Comunidades Autónomas. Baleares. Tornam;Autonómico;Administración;Talento;https://www.cext.es;https://www.cext.es/posts/retorno/tornam-el-plan-de-retorno-de-talento-a-las-islas-baleares/;https://www.cext.es/wp-json/oembed/1.0/embed?url=https%3A%2F%2Fwww.cext.es%2F&format=xml;https://www.cext.es/wp-json/oembed/1.0/embed?url=https%3A%2F%2Fwww.cext.es%2Fposts%2Fretorno%2Ftornam-el-plan-de-retorno-de-talento-a-las-islas-baleares%2F&format=xml
Planes de retorno de las Comunidades Autónomas. Retorno del Talento es un programa del Servicio Canario de Empleo;Autonómico;Administración;Talento;https://www.gobiernodecanarias.org;https://www.gobiernodecanarias.org/empleo/sce/principal/areas_tematicas/empleo/fomento_del_empleo/programas/programa_retorno_talento.html#:~:text=Retorno%20del%20Talento%20es%20un,de%20empleo%20en%20este%20Organismo.;No encontrada;No encontrada
Planes de retorno de las Comunidades Autónomas. Cantabria;Autonómico;Administración;Talento;https://www.sodercan.es;"https://www.sodercan.es/sodercan-convoca-ayudas-a-la-contratacion-indefinida-y-retorno-de-talento-de-tecnicos-de-id-y-comercio/

https://vuelveasantander.com/";https://www.sodercan.es/home_es/feed/;No encontrada
Planes de retorno de las Comunidades Autónomas. Cantabria;Autonómico;Administración;Talento;https://www.sodercan.es;"https://www.sodercan.es/sodercan-convoca-ayudas-a-la-contratacion-indefinida-y-retorno-de-talento-de-tecnicos-de-id-y-comercio/

https://vuelveasantander.com/";https://www.sodercan.es/xmlrpc.php?rsd;No encontrada
Planes de retorno de las Comunidades Autónomas. Cantabria;Autonómico;Administración;Talento;https://www.sodercan.es;"https://www.sodercan.es/sodercan-convoca-ayudas-a-la-contratacion-indefinida-y-retorno-de-talento-de-tecnicos-de-id-y-comercio/

https://vuelveasantander.com/";https://www.sodercan.es/wp-includes/wlwmanifest.xml;No encontrada
Planes de retorno de las Comunidades Autónomas. Cantabria;Autonómico;Administración;Talento;https://www.sodercan.es;"https://www.sodercan.es/sodercan-convoca-ayudas-a-la-contratacion-indefinida-y-retorno-de-talento-de-tecnicos-de-id-y-comercio/

https://vuelveasantander.com/";https://www.sodercan.es/wp-json/oembed/1.0/embed?url=https%3A%2F%2Fwww.sodercan.es%2F&format=xml;No encontrada
Planes de retorno de las Comunidades Autónomas. Castilla y León;Autonómico;Administración;Talento;https://www.jcyl.es;"https://www.jcyl.es/web/es/administracionpublica/ciudadania-castellana-leonesa-exterior/oficina-retorno.html#:~:text=A%20través%20de%20teléfono%3A,00%2034%20983%20327%20850

https://www.jcyl.es/web/es/ciudadania-castellana-leonesa-exterior/medidas-para-atraccion-retencion.html

";No encontrada;No encontrada
Planes de retorno de las Comunidades Autónomas. PROGRAMA DE RETORNO DEL TALENTO DE CASTILLA-LA MANCHA.;Autonómico;Administración;Talento;https://www.castillalamancha.es;https://www.castillalamancha.es/gobierno/economiaempresasyempleo/estructura/veyrl/actuaciones/programa-retorno-de-talento;https://www.castillalamancha.es/actualidad/noticias-rss;No encontrada
Planes de retorno de las Comunidades Autónomas. Plan de ayuda al retorno (PAR). Cataluña;Autonómico;Administración;Talento;https://web.gencat.cat;https://web.gencat.cat/es/tramits/tramits-temes/Pla-dajuda-al-retorn-PAR-reconeixement-i-prestacions;https://web.gencat.cat/ca/actualitat/rss/;No encontrada
Planes de retorno de las Comunidades Autónomas. Extremadura en el Mundo;Autonómico;Administración;Talento;https://extremaduraenelmundo.juntaex.es;https://extremaduraenelmundo.juntaex.es/-que-es-extremadura-en-el-mundo-;No encontrada;No encontrada
Planes de retorno de las Comunidades Autónomas. Estrategia Galicia Retorna;Autonómico;Administración;Talento;https://emigracion.xunta.gal;https://emigracion.xunta.gal/es/actividad/retorna;https://emigracion.xunta.gal/rss.xml/0;https://emigracion.xunta.gal/es/rss.xml
Planes de retorno de las Comunidades Autónomas. Estrategia Galicia Retorna;Autonómico;Administración;Talento;https://emigracion.xunta.gal;https://emigracion.xunta.gal/es/actividad/retorna;https://emigracion.xunta.gal/rss-googleplus.xml/0;No encontrada
Planes de retorno de las Comunidades Autónomas. Estrategia Galicia Retorna;Autonómico;Administración;Talento;https://emigracion.xunta.gal;https://emigracion.xunta.gal/es/actividad/retorna;https://emigracion.xunta.gal/rss.xml/0;No encontrada
Planes de retorno de las Comunidades Autónomas. Estrategia Galicia Retorna;Autonómico;Administración;Talento;https://emigracion.xunta.gal;https://emigracion.xunta.gal/es/actividad/retorna;https://emigracion.xunta.gal/rss-googleplus.xml/0;No encontrada
Planes de retorno de las Comunidades Autónomas. Estrategia Galicia Retorna;Autonómico;Administración;Talento;https://emigracion.xunta.gal;https://emigracion.xunta.gal/es/actividad/retorna;https://emigracion.xunta.gal/rss.xml;No encontrada
Planes de retorno de las Comunidades Autónomas. Retornados. Comunidad de Madrid;Autonómico;Administración;Talento;https://www.comunidad.madrid;https://www.comunidad.madrid/servicios/madrid-mundo/retornados;https://www.comunidad.madrid/sites/default/files/favicon-16x16.svg;https://www.comunidad.madrid/sites/default/files/favicon-16x16.svg
Planes de retorno de las Comunidades Autónomas. ESCENARIOS DE RETORNO. Navarra;Autonómico;Administración;Talento;https://next.navarra.es;https://next.navarra.es/es/iniciativa-next-retorna;No encontrada;No encontrada
Planes de retorno de las Comunidades Autónomas. Programas de Retorno Juvenil. País Vasco;Autonómico;Administración;Talento;https://www.lanbide.euskadi.eus;https://www.lanbide.euskadi.eus/retorno_juvenil/weblan00-ayudasysubvenciones/es/;No encontrada;No encontrada
Bizkaia Talent;Provincial;Administración;Talento;https://www.bizkaiatalent.eus;https://www.bizkaiatalent.eus/nosotros/;https://www.bizkaiatalent.eus/wp-json/oembed/1.0/embed?url=https%3A%2F%2Fwww.bizkaiatalent.eus%2F&format=xml;https://www.bizkaiatalent.eus/wp-json/oembed/1.0/embed?url=https%3A%2F%2Fwww.bizkaiatalent.eus%2Fnosotros%2F&format=xml
Fomento de San Sebastían;Local;Administración;Talento;https://www.fomentosansebastian.eus;https://www.fomentosansebastian.eus/es/conocenos/lineas-estrategicas/talento;https://www.fomentosansebastian.eus/es/?format=feed&type=rss;No encontrada
Fomento de San Sebastían;Local;Administración;Talento;https://www.fomentosansebastian.eus;https://www.fomentosansebastian.eus/es/conocenos/lineas-estrategicas/talento;https://www.fomentosansebastian.eus/es/?format=feed&type=atom;No encontrada
Planes de retorno de las Comunidades Autónomas. Oficina de retorno de La Rioja;Autonómico;Administración;Talento;http://www.volveralarioja.org;http://www.volveralarioja.org/;No encontrada;No encontrada
Planes de retorno de las Comunidades Autónomas. Estrategia Valenciana de Retorno;Autonómico;Administración;Talento;https://participem.gva.es;https://participem.gva.es/es/estrategia-valenciana-de-retorn;No encontrada;No encontrada
Servicio Andaluz de Empleo;Autonómico;Administración;Empleo;https://www.juntadeandalucia.es;https://www.juntadeandalucia.es/servicioandaluzdeempleo/web/argos/web/es/ARGOS/index.html;No encontrada;No encontrada
Servicio Andaluz de Empleo;Autonómico;Administración;Empleo;https://www.juntadeandalucia.es;https://www.juntadeandalucia.es/organismos/sae/servicios/estadistica-cartografia/actividad.html;No encontrada;No encontrada
Servicio Andaluz de Empleo;Autonómico;Administración;Empleo;https://www.juntadeandalucia.es;https://www.juntadeandalucia.es/organismos/sae/servicios/publicaciones.html;No encontrada;No encontrada
Servicio Andaluz de Empleo;Autonómico;Administración;Empleo;https://www.juntadeandalucia.es;https://www.juntadeandalucia.es/servicioandaluzdeempleo/web/mapaEmpleabilidad/;No encontrada;No encontrada
Lanbide;Autonómico;Administración;Empleo;https://apps.lanbide.euskadi.net;https://apps.lanbide.euskadi.net/apps/OF_BUSQUEDA_OFERTAS?LG=C&ML=OFEMEN1;No encontrada;No encontrada
Lanbide;Autonómico;Administración;Empleo;https://apps.lanbide.euskadi.net;https://apps.lanbide.euskadi.net/apps/FR_BUSQUEDA_CURSOS?LG=C&ML=FORMEN1;No encontrada;No encontrada
Estrategia de empleo. Illes Balears;Autonómico;Administración;Empleo;https://soib.es;https://soib.es/es/planes/;https://soib.es/feed/;https://soib.es/es/feed/
Estrategia de empleo. Illes Balears;Autonómico;Administración;Empleo;https://soib.es;https://soib.es/es/planes/;https://soib.es/comments/feed/;No encontrada
Estrategia de empleo. Illes Balears;Autonómico;Administración;Empleo;https://soib.es;https://soib.es/es/planes/;https://soib.es/xmlrpc.php?rsd;no encontrada
Estrategia de empleo. Illes Balears;Autonómico;Administración;Empleo;https://soib.es;https://soib.es/es/planes/;https://soib.es/wp-json/oembed/1.0/embed?url=https%3A%2F%2Fsoib.es%2F&format=xml;No encontrada
Estrategia de empleo. Illes Balears;Autonómico;Administración;Empleo;https://soib.es;https://soib.es/es/planes/;https://soib.es/feed/;https://soib.es/es/comments/feed/
Estrategia de empleo. Illes Balears;Autonómico;Administración;Empleo;https://soib.es;https://soib.es/es/planes/;https://soib.es/feed/;https://soib.es/xmlrpc.php?rsd
Estrategia de empleo. Illes Balears;Autonómico;Administración;Empleo;https://soib.es;https://soib.es/es/planes/;https://soib.es/feed/;https://soib.es/es/wp-json/oembed/1.0/embed?url=https%3A%2F%2Fsoib.es%2Fes%2Fplanes%2F&format=xml
Estrategia Catalana para el Empleo de Calidad 2022-2030;Autonómico;Administración;Empleo;https://serveiocupacio.gencat.cat;https://serveiocupacio.gencat.cat/es/soc/qui-som-que-fem/estrategia-ocupacio/;https://serveiocupacio.gencat.cat/ca/rss/;No encontrada
III ESTRATEGIA INTEGRADA DE EMPLEO, FORMACIÓN PROFESIONAL, PREVENCIÓN DE RIESGOS LABORALES E IGUALDAD, CORRESPONSABILIDAD Y JUVENTUD EN EL EMPLEO, 2021-2024;Autonómico;Administración;Empleo;https://dialogosocial.jcyl.es;https://dialogosocial.jcyl.es/web/jcyl/DialogoSocial/es/Plantilla100Detalle/1284192819287/Programa/1285063055147/Comunicacion;No encontrada;No encontrada
Estrategia Regional por el Empleo 2023-2027. Castilla La Mancha;Autonómico;Administración;Empleo;https://www.castillalamancha.es;https://www.castillalamancha.es/actualidad/galeriaimagenes/presenta-la-‘estrategia-por-el-empleo-de-castilla-la-mancha-2023-2027’-economía;https://www.castillalamancha.es/actualidad/noticias-rss;No encontrada
ESTRATEGIA DE REACTIVACIÓN PARA EL EMPLEO DE CALIDAD 2021-2024. Murcia;Autonómico;Administración;Empleo;https://www.sefcarm.es;https://www.sefcarm.es/web/pagina?IDCONTENIDO=71348&IDTIPO=100&RASTRO=c$m70702,70720;No encontrada;No encontrada
Servicio Canario de Empleo;Autonómico;Administración;Empleo;https://www.gobiernodecanarias.org;https://www.gobiernodecanarias.org/empleo/sce/;No encontrada;No encontrada
ESTRATEGIA CANARIA DE APOYO ACTIVO AL EMPLEO - ECAE;Autonómico;Administración;Empleo;https://www.gobiernodecanarias.org;https://www.gobiernodecanarias.org/empleo/sce/principal/noticias/contenido_noticias/20210423_Estrategia_Canaria_de_Apoyo_Activo_al_Empleo_ECAE.html;No encontrada;No encontrada
Fundación Estatal para la Formación para el empleo. FUNDAE;Estatal;Administración;Formación;https://www.fundae.es;https://www.fundae.es/trabajadores;No encontrada;No encontrada
Fundación Estatal para la Formación para el empleo. FUNDAE;Estatal;Administración;Formación;https://www.fundae.es;https://www.fundae.es/empresas;No encontrada;No encontrada
Todo FP;Estatal;Administración;Educación;https://todofp.es;https://todofp.es/sobre-fp/informacion-general.html;No encontrada;No encontrada
CEOE;Estatal;Patronal;Patronal;https://www.ceoe.es;https://www.ceoe.es/es/ceoe-news;No encontrada;No encontrada
CEOE;Estatal;Patronal;Patronal;https://www.ceoe.es;https://www.ceoe.es/es/publicaciones;No encontrada;No encontrada
CEOE;Estatal;Patronal;Patronal;https://www.ceoe.es;https://www.ceoe.es/es/publicaciones;No encontrada;No encontrada
CEOE;Estatal;Patronal;Patronal;https://www.ceoe.es;https://www.ceoe.es/es/ceoe-news/laboral;No encontrada;No encontrada
CEOE;Estatal;Patronal;Patronal;https://www.ceoe.es;https://www.ceoe.es/es/ceoe-news/formacion;No encontrada;No encontrada
EDENE. Escuela de Negociación Empresarial (CEOE);Estatal;Patronal;Empleo;https://edene.es;https://edene.es/catalogo/;https://edene.es/feed/;https://edene.es/feed/
EDENE. Escuela de Negociación Empresarial (CEOE);Estatal;Patronal;Empleo;https://edene.es;https://edene.es/catalogo/;https://edene.es/comments/feed/;No encontrada
EDENE. Escuela de Negociación Empresarial (CEOE);Estatal;Patronal;Empleo;https://edene.es;https://edene.es/catalogo/;https://edene.es/xmlrpc.php?rsd;No encontrada
EDENE. Escuela de Negociación Empresarial (CEOE);Estatal;Patronal;Empleo;https://edene.es;https://edene.es/catalogo/;https://edene.es/wp-json/oembed/1.0/embed?url=https%3A%2F%2Fedene.es%2F&format=xml;No encontrada
EDENE. Escuela de Negociación Empresarial (CEOE);Estatal;Patronal;Empleo;https://edene.es;https://edene.es/catalogo/;https://edene.es/feed/;https://edene.es/comments/feed/
EDENE. Escuela de Negociación Empresarial (CEOE);Estatal;Patronal;Empleo;https://edene.es;https://edene.es/catalogo/;https://edene.es/feed/;https://edene.es/xmlrpc.php?rsd
EDENE. Escuela de Negociación Empresarial (CEOE);Estatal;Patronal;Empleo;https://edene.es;https://edene.es/catalogo/;https://edene.es/feed/;https://edene.es/wp-json/oembed/1.0/embed?url=https%3A%2F%2Fedene.es%2Fcatalogo%2F&format=xml
CEPYME;Estatal;Patronal;Patronal;https://cepyme.es;https://cepyme.es/quienes-somos/;https://cepyme.es/feed/;https://cepyme.es/feed/
CEPYME;Estatal;Patronal;Patronal;https://cepyme.es;https://cepyme.es/quienes-somos/;https://cepyme.es/comments/feed/;No encontrada
CEPYME;Estatal;Patronal;Patronal;https://cepyme.es;https://cepyme.es/quienes-somos/;https://cepyme.es/wp-json/oembed/1.0/embed?url=https%3A%2F%2Fcepyme.es%2F&format=xml;No encontrada
CEPYME;Estatal;Patronal;Patronal;https://cepyme.es;https://cepyme.es/quienes-somos/;https://cepyme.es/feed/;https://cepyme.es/comments/feed/
CEPYME;Estatal;Patronal;Patronal;https://cepyme.es;https://cepyme.es/quienes-somos/;https://cepyme.es/feed/;https://cepyme.es/wp-json/oembed/1.0/embed?url=https%3A%2F%2Fcepyme.es%2Fquienes-somos%2F&format=xml
CEPYME;Estatal;Patronal;Patronal;https://cepyme.es;https://cepyme.es/publicaciones/;https://cepyme.es/feed/;https://cepyme.es/feed/
CEPYME;Estatal;Patronal;Patronal;https://cepyme.es;https://cepyme.es/publicaciones/;https://cepyme.es/comments/feed/;No encontrada
CEPYME;Estatal;Patronal;Patronal;https://cepyme.es;https://cepyme.es/publicaciones/;https://cepyme.es/wp-json/oembed/1.0/embed?url=https%3A%2F%2Fcepyme.es%2F&format=xml;No encontrada
CEPYME;Estatal;Patronal;Patronal;https://cepyme.es;https://cepyme.es/publicaciones/;https://cepyme.es/feed/;https://cepyme.es/comments/feed/
CEPYME;Estatal;Patronal;Patronal;https://cepyme.es;https://cepyme.es/publicaciones/;https://cepyme.es/feed/;https://cepyme.es/wp-json/oembed/1.0/embed?url=https%3A%2F%2Fcepyme.es%2Fpublicaciones%2F&format=xml
Fundación para a Orientación Profesional, Emprego e Formación en Galiza (forGA);Autonómico;Sindicato;Formación y ocupación;https://forga.gal;https://forga.gal/;No encontrada;No encontrada
CCOO;Estatal;Sindicato;Sindical;https://www.ccoo.es;https://www.ccoo.es/Publicaciones·y_documentos/Publicaciones_periodicas/Gaceta_Sindical_Digital;https://www.ccoo.es/rss.php;No encontrada
CCOO;Estatal;Sindicato;Sindical;https://estudios.ccoo.es;https://estudios.ccoo.es/Inicio;No encontrada;No encontrada
Fundación Formación y Empleo (FOREM). ;Estatal;Sindicato;Sindical;https://www.ccoo-servicios.es;https://www.ccoo-servicios.es/galicia/formacion/pag135/;https://www.ccoo-servicios.es/listarss.html;https://www.ccoo-servicios.es/galicia.xml
Fundación Formación y Empleo (FOREM). ;Estatal;Sindicato;Sindical;https://www.ccoo-servicios.es;https://www.ccoo-servicios.es/galicia/formacion/pag135/;https://www.ccoo-servicios.es/listarss.html;No encontrada
Fundación Formación y Empleo (FOREM). ;Estatal;Sindicato;Sindical;https://www.ccoo-servicios.es;https://www.ccoo-servicios.es/galicia/formacion/pag135/;https://www.ccoo-servicios.es/listarss.html;https://www.ccoo-servicios.es/backend.xml
Servicio de Estudios de la Confederación de UGT;Estatal;Sindicato;Sindical;https://servicioestudiosugt.com;https://servicioestudiosugt.com/quienes-somos/;https://servicioestudiosugt.com/feed/;https://servicioestudiosugt.com/feed/
Servicio de Estudios de la Confederación de UGT;Estatal;Sindicato;Sindical;https://servicioestudiosugt.com;https://servicioestudiosugt.com/quienes-somos/;https://servicioestudiosugt.com/comments/feed/;No encontrada
Servicio de Estudios de la Confederación de UGT;Estatal;Sindicato;Sindical;https://servicioestudiosugt.com;https://servicioestudiosugt.com/quienes-somos/;https://servicioestudiosugt.com/xmlrpc.php?rsd;No encontrada
Servicio de Estudios de la Confederación de UGT;Estatal;Sindicato;Sindical;https://servicioestudiosugt.com;https://servicioestudiosugt.com/quienes-somos/;https://servicioestudiosugt.com/wp-json/oembed/1.0/embed?url=https%3A%2F%2Fservicioestudiosugt.com%2F&format=xml;No encontrada
Servicio de Estudios de la Confederación de UGT;Estatal;Sindicato;Sindical;https://servicioestudiosugt.com;https://servicioestudiosugt.com/quienes-somos/;https://servicioestudiosugt.com/feed/;https://servicioestudiosugt.com/comments/feed/
Servicio de Estudios de la Confederación de UGT;Estatal;Sindicato;Sindical;https://servicioestudiosugt.com;https://servicioestudiosugt.com/quienes-somos/;https://servicioestudiosugt.com/feed/;https://servicioestudiosugt.com/xmlrpc.php?rsd
Servicio de Estudios de la Confederación de UGT;Estatal;Sindicato;Sindical;https://servicioestudiosugt.com;https://servicioestudiosugt.com/quienes-somos/;https://servicioestudiosugt.com/feed/;https://servicioestudiosugt.com/wp-json/oembed/1.0/embed?url=https%3A%2F%2Fservicioestudiosugt.com%2Fquienes-somos%2F&format=xml
FEDEA (Fundación de Estudios de Economía Aplicada);Estatal;Otros;General;https://fedea.net;https://fedea.net/datos-mercado-de-trabajo/?_gl=1*trxrpc*_ga*NTA4OTczOTExLjE3MTIyMjY0OTE.*_ga_K71EGLC8JC*MTcxMjY1MjcwMy4yLjEuMTcxMjY1MzEwOC4wLjAuMA..;https://fedea.net/feed/;https://fedea.net/feed/
FEDEA (Fundación de Estudios de Economía Aplicada);Estatal;Otros;General;https://fedea.net;https://fedea.net/datos-mercado-de-trabajo/?_gl=1*trxrpc*_ga*NTA4OTczOTExLjE3MTIyMjY0OTE.*_ga_K71EGLC8JC*MTcxMjY1MjcwMy4yLjEuMTcxMjY1MzEwOC4wLjAuMA..;https://fedea.net/wp-json/oembed/1.0/embed?url=https%3A%2F%2Ffedea.net%2F&format=xml;no encontrada
FEDEA (Fundación de Estudios de Economía Aplicada);Estatal;Otros;General;https://fedea.net;https://fedea.net/datos-mercado-de-trabajo/?_gl=1*trxrpc*_ga*NTA4OTczOTExLjE3MTIyMjY0OTE.*_ga_K71EGLC8JC*MTcxMjY1MjcwMy4yLjEuMTcxMjY1MzEwOC4wLjAuMA..;https://fedea.net/feed/;https://fedea.net/wp-json/oembed/1.0/embed?url=https%3A%2F%2Ffedea.net%2Fdatos-mercado-de-trabajo%2F&format=xml
FEDEA (Fundación de Estudios de Economía Aplicada);Estatal;Otros;General;https://laboral.fedea.net;https://laboral.fedea.net/?_gl=1*1uctypc*_ga*NTA4OTczOTExLjE3MTIyMjY0OTE.*_ga_K71EGLC8JC*MTcxMjY1MjcwMy4yLjEuMTcxMjY1MzMwMS4wLjAuMA..;No encontrada;No encontrada
FEDEA (Fundación de Estudios de Economía Aplicada);Estatal;Otros;General;https://nsaw.fedea.net;https://nsaw.fedea.net/?_gl=1*1knwpgd*_ga*NTA4OTczOTExLjE3MTIyMjY0OTE.*_ga_K71EGLC8JC*MTcxMjY1MjcwMy4yLjEuMTcxMjY1MzMzMy4wLjAuMA..;No encontrada;No encontrada
FEDEA (Fundación de Estudios de Economía Aplicada);Estatal;Otros;General;http://www.fedea.net;http://www.fedea.net/ship/?_gl=1*lxwxri*_ga*NTA4OTczOTExLjE3MTIyMjY0OTE.*_ga_K71EGLC8JC*MTcxMjY1MjcwMy4yLjEuMTcxMjY1MzM1Ni4wLjAuMA..;https://fedea.net/feed/;No encontrada
FEDEA (Fundación de Estudios de Economía Aplicada);Estatal;Otros;General;http://www.fedea.net;http://www.fedea.net/ship/?_gl=1*lxwxri*_ga*NTA4OTczOTExLjE3MTIyMjY0OTE.*_ga_K71EGLC8JC*MTcxMjY1MjcwMy4yLjEuMTcxMjY1MzM1Ni4wLjAuMA..;https://fedea.net/wp-json/oembed/1.0/embed?url=https%3A%2F%2Ffedea.net%2F&format=xml;No encontrada
Funcas;Estatal;Otros;General;https://www.funcas.es;https://www.funcas.es/areas-de-investigacion/area-de-economia/empleo-capital-humano-y-educacion/;https://www.funcas.es/feed/;No encontrada
Funcas;Estatal;Otros;General;https://www.funcas.es;https://www.funcas.es/areas-de-investigacion/area-de-economia/empleo-capital-humano-y-educacion/;https://www.funcas.es/comments/feed/;No encontrada
Funcas;Estatal;Otros;General;https://www.funcas.es;https://www.funcas.es/areas-de-investigacion/area-de-economia/empleo-capital-humano-y-educacion/;https://www.funcas.es/xmlrpc.php?rsd;No encontrada
Funcas;Estatal;Otros;General;https://www.funcas.es;https://www.funcas.es/areas-de-investigacion/area-de-economia/empleo-capital-humano-y-educacion/;https://www.funcas.es/wp-includes/wlwmanifest.xml;No encontrada
Funcas;Estatal;Otros;General;https://www.funcas.es;https://www.funcas.es/areas-de-investigacion/area-de-economia/empleo-capital-humano-y-educacion/;https://www.funcas.es/wp-json/oembed/1.0/embed?url=https%3A%2F%2Fwww.funcas.es%2F&format=xml;No encontrada
Funcas;Estatal;Otros;General;https://www.funcas.es;https://www.funcas.es/publicaciones/;https://www.funcas.es/feed/;https://www.funcas.es/feed/
Funcas;Estatal;Otros;General;https://www.funcas.es;https://www.funcas.es/publicaciones/;https://www.funcas.es/comments/feed/;No encontrada
Funcas;Estatal;Otros;General;https://www.funcas.es;https://www.funcas.es/publicaciones/;https://www.funcas.es/xmlrpc.php?rsd;No encontrada
Funcas;Estatal;Otros;General;https://www.funcas.es;https://www.funcas.es/publicaciones/;https://www.funcas.es/wp-includes/wlwmanifest.xml;No encontrada
Funcas;Estatal;Otros;General;https://www.funcas.es;https://www.funcas.es/publicaciones/;https://www.funcas.es/wp-json/oembed/1.0/embed?url=https%3A%2F%2Fwww.funcas.es%2F&format=xml;No encontrada
Funcas;Estatal;Otros;General;https://www.funcas.es;https://www.funcas.es/publicaciones/;https://www.funcas.es/feed/;https://www.funcas.es/comments/feed/
Funcas;Estatal;Otros;General;https://www.funcas.es;https://www.funcas.es/publicaciones/;https://www.funcas.es/feed/;https://www.funcas.es/xmlrpc.php?rsd
Funcas;Estatal;Otros;General;https://www.funcas.es;https://www.funcas.es/publicaciones/;https://www.funcas.es/feed/;https://www.funcas.es/wp-includes/wlwmanifest.xml
Funcas;Estatal;Otros;General;https://www.funcas.es;https://www.funcas.es/publicaciones/;https://www.funcas.es/feed/;https://www.funcas.es/wp-json/oembed/1.0/embed?url=https%3A%2F%2Fwww.funcas.es%2Fpublicaciones%2F&format=xml
Instituto de Estudios Laborales (IEL) de Esade ;Estatal;Otros;Empleo;https://www.esade.edu;https://www.esade.edu/faculty-research/es/instituto-estudios-laborales?_gl=1*114lyk0*_up*MQ..*_ga*MjYwMDk3MDQ5LjE3MTI2NjAxNTk.*_ga_S41Q3C9XT0*MTcxMjY2MDE1OC4xLjEuMTcxMjY2MDQyOC4wLjAuMA..;No encontrada;No encontrada
Instituto de Estudios Laborales (IEL) de Esade ;Estatal;Otros;Empleo;https://www.esade.edu;https://www.esade.edu/faculty-research/es/instituto-estudios-laborales/publicaciones?_gl=1*mr05to*_up*MQ..*_ga*MjYwMDk3MDQ5LjE3MTI2NjAxNTk.*_ga_S41Q3C9XT0*MTcxMjY2MDE1OC4xLjEuMTcxMjY2MDM5OS4wLjAuMA..;No encontrada;No encontrada
COTEC;Estatal;Otros;General;https://cotec.es;https://cotec.es/proyectos/economia/;https://cotec.es/feed/;https://cotec.es/feed/
COTEC;Estatal;Otros;General;https://cotec.es;https://cotec.es/proyectos/economia/;https://cotec.es/comments/feed/;No encontrada
COTEC;Estatal;Otros;General;https://cotec.es;https://cotec.es/proyectos/economia/;https://cotec.es/xmlrpc.php?rsd;No encontrada
COTEC;Estatal;Otros;General;https://cotec.es;https://cotec.es/proyectos/economia/;https://cotec.es/wp-json/oembed/1.0/embed?url=https%3A%2F%2Fcotec.es%2F&format=xml;No encontrada
COTEC;Estatal;Otros;General;https://cotec.es;https://cotec.es/proyectos/economia/;https://cotec.es/feed/;https://cotec.es/comments/feed/
COTEC;Estatal;Otros;General;https://cotec.es;https://cotec.es/proyectos/economia/;https://cotec.es/feed/;https://cotec.es/xmlrpc.php?rsd
COTEC;Estatal;Otros;General;https://cotec.es;https://cotec.es/proyectos/economia/;https://cotec.es/feed/;https://cotec.es/wp-json/oembed/1.0/embed?url=https%3A%2F%2Fcotec.es%2Fproyectos%2Feconomia%2F&format=xml
Banco de España;Estatal;Administración;General;https://www.bde.es;https://www.bde.es/wbe/es/publicaciones/;https://www.bde.es/wbe/es/inicio/rss/;https://www.bde.es/wbe/es/inicio/rss/rss-estudios-publicaciones/
Banco de España;Estatal;Administración;General;https://www.bde.es;https://www.bde.es/wbe/es/publicaciones/;https://www.bde.es/wbe/es/inicio/rss/;https://www.bde.es/wbe/es/inicio/rss/
CEDEFOP (Centro Europeo para el Desarrollo de la Formación Profesional);Europeo;Administración;Cualificaciones;https://www.cedefop.europa.eu;https://www.cedefop.europa.eu/es;https://www.cedefop.europa.eu/en/news-and-press/rss-feeds;https://www.cedefop.europa.eu/en/news-and-press/rss-feeds
CEDEFOP (Centro Europeo para el Desarrollo de la Formación Profesional);Europeo;Administración;Cualificaciones;https://www.cedefop.europa.eu;https://www.cedefop.europa.eu/es;https://www.cedefop.europa.eu/en/news-and-press/rss-feeds;No encontrada
CEDEFOP (Centro Europeo para el Desarrollo de la Formación Profesional);Europeo;Administración;Cualificaciones;https://www.cedefop.europa.eu;https://www.cedefop.europa.eu/es;https://www.cedefop.europa.eu/en/news-and-press/rss-feeds;https://www.cedefop.europa.eu/en/news-and-press/rss-feeds
CEDEFOP (Centro Europeo para el Desarrollo de la Formación Profesional);Europeo;Administración;Cualificaciones;https://www.cedefop.europa.eu;https://www.cedefop.europa.eu/en/tools/skills-intelligence;https://www.cedefop.europa.eu/en/news-and-press/rss-feeds;No encontrada
CEDEFOP (Centro Europeo para el Desarrollo de la Formación Profesional);Europeo;Administración;Cualificaciones;https://www.cedefop.europa.eu;https://www.cedefop.europa.eu/en/tools/skills-intelligence;https://www.cedefop.europa.eu/en/news-and-press/rss-feeds;No encontrada
CE. Employment, Social Affairs & Inclusion;Europeo;Administración;Empleo;https://ec.europa.eu;https://ec.europa.eu/social/main.jsp?langId=en&catId=113;https://commission.europa.eu/profiles/contrib/ewcms/themes/ewcms_theme/images/favicons/ec/favicon.svg;No encontrada
CE. Employment, Social Affairs & Inclusion;Europeo;Administración;Empleo;https://ec.europa.eu;https://ec.europa.eu/social/main.jsp?catId=1049&langId=en;https://commission.europa.eu/profiles/contrib/ewcms/themes/ewcms_theme/images/favicons/ec/favicon.svg;No encontrada
CE. Employment, Social Affairs & Inclusion;Europeo;Administración;Empleo;https://ec.europa.eu;https://ec.europa.eu/social/main.jsp?catId=101&langId=en;https://commission.europa.eu/profiles/contrib/ewcms/themes/ewcms_theme/images/favicons/ec/favicon.svg;No encontrada
CE. Employment, Social Affairs & Inclusion;Europeo;Administración;Empleo;https://ec.europa.eu;https://ec.europa.eu/social/main.jsp?catId=1163&langId=en;https://commission.europa.eu/profiles/contrib/ewcms/themes/ewcms_theme/images/favicons/ec/favicon.svg;No encontrada
CE. Employment, Social Affairs & Inclusion;Europeo;Administración;Empleo;https://ec.europa.eu;https://ec.europa.eu/social/home.jsp?langId=en;https://commission.europa.eu/profiles/contrib/ewcms/themes/ewcms_theme/images/favicons/ec/favicon.svg;No encontrada
CENTRO INTERAMERICANO para el Desarrollo del Conocimiento en la Formación Profesional (Cinterfor);Internacional;Otros;Formación;https://www.oitcinterfor.org;https://www.oitcinterfor.org/;No encontrada;No encontrada
CENTRO INTERAMERICANO para el Desarrollo del Conocimiento en la Formación Profesional (Cinterfor);Internacional;Otros;Formación;https://www.oitcinterfor.org;https://www.oitcinterfor.org/statsfp;No encontrada;No encontrada
CENTRO INTERAMERICANO para el Desarrollo del Conocimiento en la Formación Profesional (Cinterfor);Internacional;Otros;Formación;https://www.oitcinterfor.org;https://www.oitcinterfor.org/brecha_BigData;No encontrada;No encontrada
CENTRO INTERAMERICANO para el Desarrollo del Conocimiento en la Formación Profesional (Cinterfor);Internacional;Otros;Formación;https://www.oitcinterfor.org;https://www.oitcinterfor.org/banco-competencias-laborales/inicio;No encontrada;No encontrada
CENTRO INTERAMERICANO para el Desarrollo del Conocimiento en la Formación Profesional (Cinterfor);Internacional;Otros;Formación;https://guia.oitcinterfor.org;https://guia.oitcinterfor.org/;No encontrada;No encontrada
CENTRO INTERAMERICANO para el Desarrollo del Conocimiento en la Formación Profesional (Cinterfor);Internacional;Otros;Formación;https://www.oitcinterfor.org;https://www.oitcinterfor.org/red_certificacion;No encontrada;No encontrada
OECD;Internacional;Otros;Empleo;https://www.oecd.org;https://www.oecd.org/sdd/labour-stats/;https://www.oecd.org/en.opensearch.xml;https://www.oecd.org/en.opensearch.xml
OECD;Internacional;Otros;Empleo;https://www.oecd.org;https://www.oecd.org/employment/;https://www.oecd.org/en.opensearch.xml;https://www.oecd.org/en.opensearch.xml
OECD;Internacional;Otros;Empleo;https://www.oecd.org;https://www.oecd.org/cfe/leed/LEED-brochure-June-2022-EN.pdf;https://www.oecd.org/en.opensearch.xml;No encontrada
The Adecco Group Institute;Estatal;Agente laboral;Empleo;https://www.adeccoinstitute.es;https://www.adeccoinstitute.es/datos-del-mercado-laboral/;https://www.adeccoinstitute.es/xmlrpc.php?rsd;https://www.adeccoinstitute.es/xmlrpc.php?rsd
The Adecco Group Institute;Estatal;Agente laboral;Empleo;https://www.adeccoinstitute.es;https://www.adeccoinstitute.es/datos-del-mercado-laboral/;https://www.adeccoinstitute.es/xmlrpc.php?rsd;https://www.adeccoinstitute.es/wp-json/oembed/1.0/embed?url=https%3A%2F%2Fwww.adeccoinstitute.es%2Fdatos-del-mercado-laboral%2F&format=xml
The Adecco Group Institute;Estatal;Agente laboral;Empleo;https://www.adeccoinstitute.es;https://www.adeccoinstitute.es/empleo-y-relaciones-laborales/;https://www.adeccoinstitute.es/xmlrpc.php?rsd;https://www.adeccoinstitute.es/empleo-y-relaciones-laborales/feed/
The Adecco Group Institute;Estatal;Agente laboral;Empleo;https://www.adeccoinstitute.es;https://www.adeccoinstitute.es/empleo-y-relaciones-laborales/;https://www.adeccoinstitute.es/xmlrpc.php?rsd;https://www.adeccoinstitute.es/xmlrpc.php?rsd
The Adecco Group Institute;Estatal;Agente laboral;Empleo;https://www.adeccoinstitute.es;https://www.adeccoinstitute.es/empleo-y-relaciones-laborales/;https://www.adeccoinstitute.es/xmlrpc.php?rsd;https://www.adeccoinstitute.es/empleo-y-relaciones-laborales/importancia-del-feedback-y-reconocimiento/
ManpowerGroup;Estatal;Agente laboral;Empleo;https://www.manpowergroup.es;https://www.manpowergroup.es/estudios;No encontrada;https://www.manpowergroup.es/estudios/rss.xml
Fundación Human Age Institute (Manpower Group);Estatal;Agente laboral;Empleo;https://humanageinstitute.org;https://humanageinstitute.org/?__hstc=184603189.17fb7e3a5bca1f79fffe3899bf86e2a4.1712672593763.1712672593763.1712672593763.1&__hssc=184603189.14.1712672593763&__hsfp=2263580356;https://humanageinstitute.org/feed/;https://humanageinstitute.org/feed/
Fundación Human Age Institute (Manpower Group);Estatal;Agente laboral;Empleo;https://humanageinstitute.org;https://humanageinstitute.org/?__hstc=184603189.17fb7e3a5bca1f79fffe3899bf86e2a4.1712672593763.1712672593763.1712672593763.1&__hssc=184603189.14.1712672593763&__hsfp=2263580356;https://humanageinstitute.org/comments/feed/;No encontrada
Fundación Human Age Institute (Manpower Group);Estatal;Agente laboral;Empleo;https://humanageinstitute.org;https://humanageinstitute.org/?__hstc=184603189.17fb7e3a5bca1f79fffe3899bf86e2a4.1712672593763.1712672593763.1712672593763.1&__hssc=184603189.14.1712672593763&__hsfp=2263580356;https://humanageinstitute.org/xmlrpc.php?rsd;No encontrada
Fundación Human Age Institute (Manpower Group);Estatal;Agente laboral;Empleo;https://humanageinstitute.org;https://humanageinstitute.org/?__hstc=184603189.17fb7e3a5bca1f79fffe3899bf86e2a4.1712672593763.1712672593763.1712672593763.1&__hssc=184603189.14.1712672593763&__hsfp=2263580356;https://humanageinstitute.org/wp-includes/wlwmanifest.xml;No encontrada
Fundación Human Age Institute (Manpower Group);Estatal;Agente laboral;Empleo;https://humanageinstitute.org;https://humanageinstitute.org/?__hstc=184603189.17fb7e3a5bca1f79fffe3899bf86e2a4.1712672593763.1712672593763.1712672593763.1&__hssc=184603189.14.1712672593763&__hsfp=2263580356;https://humanageinstitute.org/feed/;https://humanageinstitute.org/comments/feed/
Fundación Human Age Institute (Manpower Group);Estatal;Agente laboral;Empleo;https://humanageinstitute.org;https://humanageinstitute.org/?__hstc=184603189.17fb7e3a5bca1f79fffe3899bf86e2a4.1712672593763.1712672593763.1712672593763.1&__hssc=184603189.14.1712672593763&__hsfp=2263580356;https://humanageinstitute.org/feed/;https://humanageinstitute.org/xmlrpc.php?rsd
Fundación Human Age Institute (Manpower Group);Estatal;Agente laboral;Empleo;https://humanageinstitute.org;https://humanageinstitute.org/?__hstc=184603189.17fb7e3a5bca1f79fffe3899bf86e2a4.1712672593763.1712672593763.1712672593763.1&__hssc=184603189.14.1712672593763&__hsfp=2263580356;https://humanageinstitute.org/feed/;https://humanageinstitute.org/wp-includes/wlwmanifest.xml
RandstadResearch;Estatal;Agente laboral;Empleo;https://www.randstadresearch.es;https://www.randstadresearch.es/publicaciones/;https://www.randstadresearch.es/feed/;https://www.randstadresearch.es/feed/
RandstadResearch;Estatal;Agente laboral;Empleo;https://www.randstadresearch.es;https://www.randstadresearch.es/publicaciones/;https://www.randstadresearch.es/comments/feed/;No encontrada
RandstadResearch;Estatal;Agente laboral;Empleo;https://www.randstadresearch.es;https://www.randstadresearch.es/publicaciones/;https://www.randstadresearch.es/xmlrpc.php?rsd;No encontrada
RandstadResearch;Estatal;Agente laboral;Empleo;https://www.randstadresearch.es;https://www.randstadresearch.es/publicaciones/;https://www.randstadresearch.es/wp-restapi/oembed/1.0/embed?url=https%3A%2F%2Fwww.randstadresearch.es%2F&format=xml;No encontrada
RandstadResearch;Estatal;Agente laboral;Empleo;https://www.randstadresearch.es;https://www.randstadresearch.es/publicaciones/;https://www.randstadresearch.es/feed/;https://www.randstadresearch.es/comments/feed/
RandstadResearch;Estatal;Agente laboral;Empleo;https://www.randstadresearch.es;https://www.randstadresearch.es/publicaciones/;https://www.randstadresearch.es/feed/;https://www.randstadresearch.es/xmlrpc.php?rsd
RandstadResearch;Estatal;Agente laboral;Empleo;https://www.randstadresearch.es;https://www.randstadresearch.es/publicaciones/;https://www.randstadresearch.es/feed/;https://www.randstadresearch.es/wp-restapi/oembed/1.0/embed?url=https%3A%2F%2Fwww.randstadresearch.es%2Fpublicaciones%2F&format=xml
RandstadResearch;Estatal;Agente laboral;Empleo;https://www.randstadresearch.es;https://www.randstadresearch.es/datos-y-previsiones/;https://www.randstadresearch.es/feed/;https://www.randstadresearch.es/feed/
RandstadResearch;Estatal;Agente laboral;Empleo;https://www.randstadresearch.es;https://www.randstadresearch.es/datos-y-previsiones/;https://www.randstadresearch.es/comments/feed/;No encontrada
RandstadResearch;Estatal;Agente laboral;Empleo;https://www.randstadresearch.es;https://www.randstadresearch.es/datos-y-previsiones/;https://www.randstadresearch.es/xmlrpc.php?rsd;No encontrada
RandstadResearch;Estatal;Agente laboral;Empleo;https://www.randstadresearch.es;https://www.randstadresearch.es/datos-y-previsiones/;https://www.randstadresearch.es/wp-restapi/oembed/1.0/embed?url=https%3A%2F%2Fwww.randstadresearch.es%2F&format=xml;No encontrada
RandstadResearch;Estatal;Agente laboral;Empleo;https://www.randstadresearch.es;https://www.randstadresearch.es/datos-y-previsiones/;https://www.randstadresearch.es/feed/;https://www.randstadresearch.es/comments/feed/
RandstadResearch;Estatal;Agente laboral;Empleo;https://www.randstadresearch.es;https://www.randstadresearch.es/datos-y-previsiones/;https://www.randstadresearch.es/feed/;https://www.randstadresearch.es/xmlrpc.php?rsd
RandstadResearch;Estatal;Agente laboral;Empleo;https://www.randstadresearch.es;https://www.randstadresearch.es/datos-y-previsiones/;https://www.randstadresearch.es/feed/;https://www.randstadresearch.es/wp-restapi/oembed/1.0/embed?url=https%3A%2F%2Fwww.randstadresearch.es%2Fdatos-y-previsiones%2F&format=xml
RandstadResearch;Estatal;Agente laboral;Empleo;https://www.randstadresearch.es;https://www.randstadresearch.es/expertos/;https://www.randstadresearch.es/feed/;https://www.randstadresearch.es/feed/
RandstadResearch;Estatal;Agente laboral;Empleo;https://www.randstadresearch.es;https://www.randstadresearch.es/expertos/;https://www.randstadresearch.es/comments/feed/;No encontrada
RandstadResearch;Estatal;Agente laboral;Empleo;https://www.randstadresearch.es;https://www.randstadresearch.es/expertos/;https://www.randstadresearch.es/xmlrpc.php?rsd;No encontrada
RandstadResearch;Estatal;Agente laboral;Empleo;https://www.randstadresearch.es;https://www.randstadresearch.es/expertos/;https://www.randstadresearch.es/wp-restapi/oembed/1.0/embed?url=https%3A%2F%2Fwww.randstadresearch.es%2F&format=xml;No encontrada
RandstadResearch;Estatal;Agente laboral;Empleo;https://www.randstadresearch.es;https://www.randstadresearch.es/expertos/;https://www.randstadresearch.es/feed/;https://www.randstadresearch.es/comments/feed/
RandstadResearch;Estatal;Agente laboral;Empleo;https://www.randstadresearch.es;https://www.randstadresearch.es/expertos/;https://www.randstadresearch.es/feed/;https://www.randstadresearch.es/xmlrpc.php?rsd
RandstadResearch;Estatal;Agente laboral;Empleo;https://www.randstadresearch.es;https://www.randstadresearch.es/expertos/;https://www.randstadresearch.es/feed/;https://www.randstadresearch.es/wp-restapi/oembed/1.0/embed?url=https%3A%2F%2Fwww.randstadresearch.es%2Fexpertos%2F&format=xml
Caixabank. Observatorio de la Formación Profesional;Estatal;Otros;Educación;https://www.observatoriofp.com;https://www.observatoriofp.com/;No encontrada;No encontrada
AQU Catalunya;Autonómico;Administración;Talento;https://talent.aqu.cat;https://talent.aqu.cat/visual/index/index_es.html;No encontrada;No encontrada
Portalento;Estatal;Agente laboral;Empleo;https://www.portalento.es;https://www.portalento.es/;No encontrada;No encontrada
SpAIn Talent Hub;Estatal;Administración;Talento;https://espanadigital.gob.es;https://espanadigital.gob.es/en/lines-action/spain-talent-hub;No encontrada;No encontrada
UDC;Autonómico;Administración;Empleo;https://www.udc.es;https://www.udc.es/es/observatorioocupacional/;https://www.udc.es/gl/rss/;https://www.udc.es/es/rss/
UVIGO;Autonómico;Administración;Empleo;https://observatorio.uvigo.gal;https://observatorio.uvigo.gal/es/;https://observatorio.uvigo.gal/xmlrpc.php?rsd;https://observatorio.uvigo.gal/xmlrpc.php?rsd
UVIGO;Autonómico;Administración;Empleo;https://observatorio.uvigo.gal;https://observatorio.uvigo.gal/es/;https://observatorio.uvigo.gal/wp-includes/wlwmanifest.xml;No encontrada
UVIGO;Autonómico;Administración;Empleo;https://observatorio.uvigo.gal;https://observatorio.uvigo.gal/es/;https://observatorio.uvigo.gal/wp-json/oembed/1.0/embed?url=https%3A%2F%2Fobservatorio.uvigo.gal%2F&format=xml;No encontrada
UVIGO;Autonómico;Administración;Empleo;https://observatorio.uvigo.gal;https://observatorio.uvigo.gal/es/;https://observatorio.uvigo.gal/xmlrpc.php?rsd;https://observatorio.uvigo.gal/wp-includes/wlwmanifest.xml
UVIGO;Autonómico;Administración;Empleo;https://observatorio.uvigo.gal;https://observatorio.uvigo.gal/es/;https://observatorio.uvigo.gal/xmlrpc.php?rsd;https://observatorio.uvigo.gal/es/wp-json/oembed/1.0/embed/?url=https%3A%2F%2Fobservatorio.uvigo.gal%2Fes%2F&format=xml
Foro Económico de Galicia;Autonómico;Otros;General;https://foroeconomicodegalicia.es;https://foroeconomicodegalicia.es/quensomos.html;No encontrada;No encontrada
Parlamento Europeo - Comisión de Empleo y Asuntos Sociales;Europeo;Administración;Talento;https://www.europarl.europa.eu;"https://www.europarl.europa.eu/doceo/document/A-9-2023-0325_ES.html

https://www.europarl.europa.eu/committees/es/empl/home/highlights";No encontrada;No encontrada
Instituto Galego de Estadística (IGE);Autonómico;Administración;General;https://www.ige.gal;https://www.ige.gal/web/mostrar_seccion.jsp?codigo=0204;No encontrada;https://www.ige.gal/web/serviciosrss.jsp?paxina=004
Reclutamiento y evaluación de entrada. Canadá;Internacional;Agente laboral;Talento;https://www.immigration.ca;"https://www.immigration.ca/es/programas-de-empleo-e-inmigracion/

https://form.immigration.ca/skilled-worker/en";https://immigration.ca/feed/;No encontrada
Reclutamiento y evaluación de entrada. Canadá;Internacional;Agente laboral;Talento;https://www.immigration.ca;"https://www.immigration.ca/es/programas-de-empleo-e-inmigracion/

https://form.immigration.ca/skilled-worker/en";https://immigration.ca/xmlrpc.php?rsd;No encontrada
Reclutamiento y evaluación de entrada. Canadá;Internacional;Agente laboral;Talento;https://www.immigration.ca;"https://www.immigration.ca/es/programas-de-empleo-e-inmigracion/

https://form.immigration.ca/skilled-worker/en";https://immigration.ca/wp-json/oembed/1.0/embed?url=https%3A%2F%2Fimmigration.ca%2F&format=xml;No encontrada
Reclutamiento y evaluación de entrada. Canadá;Internacional;Agente laboral;Talento;https://www.immigration.ca;"https://www.immigration.ca/es/programas-de-empleo-e-inmigracion/

https://form.immigration.ca/skilled-worker/en";http://www.latestcrsscore.com;No encontrada
Infojobs;Estatal;Agente laboral;Talento;https://nosotros.infojobs.net;https://nosotros.infojobs.net/prensa/informes;https://nosotros.infojobs.net/feed;https://nosotros.infojobs.net/feed
Infojobs;Estatal;Agente laboral;Talento;https://nosotros.infojobs.net;https://nosotros.infojobs.net/prensa/informes;https://nosotros.infojobs.net/comments/feed;No encontrada
Infojobs;Estatal;Agente laboral;Talento;https://nosotros.infojobs.net;https://nosotros.infojobs.net/prensa/informes;https://nosotros.infojobs.net/xmlrpc.php?rsd;No encontrada
Infojobs;Estatal;Agente laboral;Talento;https://nosotros.infojobs.net;https://nosotros.infojobs.net/prensa/informes;https://nosotros.infojobs.net/wp-json/oembed/1.0/embed?url=https%3A%2F%2Fnosotros.infojobs.net%2F&format=xml;No encontrada
Infojobs;Estatal;Agente laboral;Talento;https://nosotros.infojobs.net;https://nosotros.infojobs.net/prensa/informes;https://nosotros.infojobs.net/feed;https://nosotros.infojobs.net/comments/feed
Infojobs;Estatal;Agente laboral;Talento;https://nosotros.infojobs.net;https://nosotros.infojobs.net/prensa/informes;https://nosotros.infojobs.net/feed;https://nosotros.infojobs.net/xmlrpc.php?rsd
Infojobs;Estatal;Agente laboral;Talento;https://nosotros.infojobs.net;https://nosotros.infojobs.net/prensa/informes;https://nosotros.infojobs.net/feed;https://nosotros.infojobs.net/wp-json/oembed/1.0/embed?url=https%3A%2F%2Fnosotros.infojobs.net%2Fprensa%2Finformes&format=xml
